{"accuracy": 0.780952380952381, "specificity": 0.1875, "sensitivity": 0.8876404494382022}